City,Country,Latitude,Longitude,Date,Clouds,Humidity,Temperature,Wind
acarau,BR,-2.89,-40.12,1595525364,38,60,302.68,7.93
aguimes,ES,27.91,-15.45,1595525364,20,65,299.15,14.4
qaanaaq,GL,77.48,-69.36,1595525365,0,51,282.62,0.73
georgetown,MY,5.41,100.34,1595525272,20,88,300.15,2.1
iqaluit,CA,63.75,-68.51,1595525365,90,81,282.15,1.5
hilo,US,19.73,-155.09,1595525365,90,78,296.15,1.38
bredasdorp,ZA,-34.53,20.04,1595525365,0,93,284.15,1.5
grand-santi,GF,4.25,-54.38,1595525365,63,54,305.13,1.98
san andres,CO,12.58,-81.7,1595525209,90,70,304.15,6.2
albany,US,42.6,-73.97,1595525269,62,79,302.04,1.94
atuona,PF,-9.8,-139.03,1595525366,6,74,298.88,9.54
gizo,SB,-8.1,156.84,1595525366,73,75,300.89,3.08
saint-philippe,RE,-21.36,55.77,1595525367,75,59,292.15,4.1
cidreira,BR,-30.18,-50.21,1595525269,99,70,294.84,3.41
nueva loja,EC,0.08,-76.88,1595525367,75,74,300.15,2.6
puerto escondido,MX,15.85,-97.07,1595525367,40,70,303.15,3.1
pisco,PE,-13.7,-76.22,1595525368,7,72,293.15,2.6
ponta do sol,PT,32.67,-17.1,1595525368,20,64,297.15,6.2
puerto ayora,EC,-0.74,-90.35,1595525368,20,69,298.15,9.8
tuy hoa,VN,13.08,109.3,1595525368,100,85,298.81,1.99
butaritari,KI,3.07,172.79,1595525285,2,77,301.19,5.85
lebu,CL,-37.62,-73.65,1595525369,46,62,282.68,1.18
sinnamary,GF,5.38,-52.95,1595525369,60,80,301.06,3.91
dinhata,IN,26.13,89.47,1595525369,100,91,299.69,3.98
ushuaia,AR,-54.8,-68.3,1595525370,75,69,277.15,3.1
villarrica,PY,-25.75,-56.43,1595525370,14,40,302.06,3.6
juneau,US,58.3,-134.42,1595525206,90,93,285.93,4.6
east london,ZA,-33.02,27.91,1595525370,0,55,292.6,4.66
clarence town,AU,-32.58,151.78,1595525370,75,100,278.71,2.6
zhigansk,RU,66.77,123.37,1595525370,42,81,287.53,4.94
tuktoyaktuk,CA,69.45,-133.04,1595525371,75,62,285.15,5.1
muisne,EC,0.6,-80.03,1595525371,90,88,298.15,3.6
hobart,AU,-42.88,147.33,1595525326,97,75,278.71,2.6
carnarvon,AU,-24.87,113.63,1595525371,0,100,289.15,4.6
rikitea,PF,-23.12,-134.97,1595525372,3,66,292.46,8.51
honiara,SB,-9.43,159.95,1595525372,40,83,297.15,1.5
bennettsville,US,34.62,-79.68,1595525372,1,55,307.59,3.1
ambilobe,MG,-13.2,49.05,1595525372,94,70,294.15,1.15
inhambane,MZ,-23.86,35.38,1595525373,40,72,293.15,2.6
khatanga,RU,71.97,102.5,1595525373,100,85,278.93,8.01
boende,CD,-0.22,20.87,1595525373,94,54,300.81,1.04
kapaa,US,22.08,-159.32,1595525374,40,83,299.15,4.6
koksovyy,RU,48.2,40.6,1595525374,30,45,293.4,2.9
coquimbo,CL,-29.95,-71.34,1595525374,4,47,288.15,5.1
cherskiy,RU,68.75,161.3,1595525374,29,65,290.45,2.86
bengkulu,ID,-3.8,102.27,1595525089,99,90,297.59,2.25
muros,ES,42.78,-9.06,1595525374,13,64,300.37,6.7
mataura,NZ,-46.19,168.86,1595525284,92,83,277.04,1.34
berlevag,NO,70.86,29.09,1595525285,90,100,283.15,2.1
lubbock,US,33.6,-101.83,1595525124,20,51,302.15,2.1
touros,BR,-5.2,-35.46,1595525375,40,58,302.15,6.2
port alfred,ZA,-33.59,26.89,1595525375,0,53,290.79,3.46
anzio,IT,41.49,12.62,1595525376,0,76,303.15,2.68
massena,US,44.93,-74.89,1595525376,90,78,296.48,2.1
kodiak,US,57.79,-152.41,1595525376,1,71,287.15,2.1
cape town,ZA,-33.93,18.42,1595525332,0,93,289.82,1.5
chuy,UY,-33.7,-53.46,1595525279,100,94,292.3,3.27
killybegs,IE,54.63,-8.45,1595525377,90,82,288.15,4.6
kloulklubed,PW,7.04,134.26,1595525377,40,88,298.15,2.1
oranjemund,NA,-28.55,16.43,1595525378,0,20,296.64,4.0
hobyo,SO,5.35,48.53,1595525378,83,70,298.74,13.26
avera,US,33.19,-82.53,1595525378,40,59,305.37,2.1
yenagoa,NG,4.92,6.26,1595525378,99,88,297.97,2.28
nemuro,JP,43.32,145.57,1595525379,100,98,288.25,4.56
severo-kurilsk,RU,50.68,156.12,1595525379,99,91,283.04,1.66
portland,US,45.52,-122.68,1595525181,90,72,290.93,3.1
la ronge,CA,55.1,-105.28,1595525379,75,88,295.15,3.1
arraial do cabo,BR,-22.97,-42.03,1595525380,50,61,301.15,7.7
busselton,AU,-33.65,115.33,1595525380,5,72,280.93,1.62
tasiilaq,GL,65.61,-37.64,1595525280,75,80,278.15,5.1
torbay,CA,47.67,-52.73,1595525380,75,47,298.71,8.2
saint-pierre,RE,-21.34,55.48,1595525284,75,59,292.15,4.1
yarmouth,US,41.71,-70.23,1595525223,1,66,303.71,6.7
vardo,NO,70.37,31.11,1595525381,75,87,286.15,6.7
punta arenas,CL,-53.15,-70.92,1595525113,20,76,277.15,7.2
barrow,US,71.29,-156.79,1595525381,90,93,281.15,8.2
sao jose da coroa grande,BR,-8.9,-35.15,1595525382,62,70,299.25,5.44
colorado,BR,-22.84,-51.97,1595525382,0,39,301.48,4.29
nome,US,64.5,-165.41,1595525382,90,87,280.37,3.11
harper,LR,4.38,-7.72,1595525382,65,79,298.63,4.96
lexington,US,37.99,-84.48,1595525160,90,94,298.15,2.6
severomuysk,RU,56.15,113.43,1595525383,100,97,282.53,1.71
broome,US,42.25,-75.83,1595525383,75,69,300.37,3.6
hermanus,ZA,-34.42,19.23,1595525383,0,88,286.48,0.89
padang,ID,-0.95,100.35,1595525274,100,78,298.95,1.85
san rafael,AR,-34.62,-68.33,1595525252,23,60,278.6,1.59
havelock,US,34.88,-76.9,1595525384,26,74,305.37,3.13
ambulu,ID,-8.35,113.61,1595525384,65,85,295.46,2.73
tezu,IN,27.92,96.17,1595525384,100,87,297.64,0.81
hay river,CA,60.82,-115.8,1595525385,75,87,288.15,5.7
gamba,GA,-2.65,10.0,1595525385,94,74,296.75,3.92
ambon,ID,-3.7,128.18,1595525385,25,15,298.71,0.45
alice springs,AU,-23.7,133.88,1595525091,0,64,277.15,2.1
port-cartier,CA,50.03,-66.87,1595525386,40,72,293.71,4.1
cozumel,MX,20.51,-86.95,1595525386,75,63,306.15,3.6
esperance,AU,-33.87,121.9,1595525386,40,81,281.15,3.6
moen,NO,69.13,18.61,1595525386,75,87,283.15,6.7
dinghai,CN,26.28,119.79,1595525387,98,83,301.15,2.0
fortuna,US,40.6,-124.16,1595525250,90,100,288.15,3.6
nikolskoye,RU,59.7,30.79,1595525290,40,62,288.15,4.0
sibolga,ID,1.74,98.78,1595525387,87,79,297.61,1.38
marsh harbour,BS,26.54,-77.06,1595525387,100,73,302.3,8.15
chicama,PE,-7.84,-79.15,1595525388,26,55,295.63,4.79
bluff,NZ,-46.6,168.33,1595525268,87,83,277.04,1.34
ilulissat,GL,69.22,-51.1,1595525388,75,50,285.15,1.5
vaini,TO,-21.2,-175.2,1595525388,75,100,293.15,2.6
strezhevoy,RU,60.73,77.59,1595525388,90,67,288.15,2.0
teguise,ES,29.06,-13.56,1595525389,20,61,300.15,11.3
yellowknife,CA,62.46,-114.35,1595525389,75,87,289.26,4.6
chifeng,CN,42.27,118.96,1595525389,2,52,295.83,1.15
fayaoue,NC,-20.65,166.53,1595525389,100,82,295.14,9.23
provideniya,RU,64.38,-173.3,1595525390,44,66,283.12,3.34
makakilo city,US,21.35,-158.09,1595525341,1,78,297.15,1.5
trairi,BR,-3.28,-39.27,1595525390,33,55,302.74,7.2
bilma,NE,18.69,12.92,1595525390,39,8,312.9,4.16
hazorasp,UZ,41.32,61.07,1595525390,88,61,299.15,3.1
san cristobal,VE,7.77,-72.22,1595525391,40,38,307.15,10.3
dudinka,RU,69.41,86.18,1595525391,47,75,281.15,12.0
rawson,AR,-43.3,-65.1,1595525303,100,80,277.32,5.62
lac du bonnet,CA,50.25,-96.06,1595525391,1,99,297.04,4.92
lavrentiya,RU,65.58,-171.0,1595525391,100,57,285.01,4.56
qasigiannguit,GL,68.82,-51.19,1595525392,75,50,285.15,1.5
vitim,RU,59.45,112.56,1595525392,76,91,287.8,1.83
vao,NC,-22.67,167.48,1595525392,4,76,293.73,7.74
jamestown,US,42.1,-79.24,1595525191,75,78,298.15,6.2
naze,JP,28.37,129.48,1595525392,40,88,301.15,3.1
tongren,CN,27.72,109.19,1595525393,39,83,298.21,1.22
thompson,CA,55.74,-97.86,1595525281,75,78,295.15,2.6
schwabmunchen,DE,48.18,10.75,1595525393,75,68,295.37,3.6
ipixuna,BR,-1.76,-48.8,1595525393,40,52,305.15,5.1
alofi,NU,-19.06,-169.92,1595525304,73,100,296.15,3.6
ahuimanu,US,21.44,-157.84,1595525393,40,78,299.26,5.1
cabo san lucas,MX,22.89,-109.91,1595525394,5,69,304.26,6.7
aykhal,RU,66.0,111.5,1595525394,90,81,284.15,2.0
yar-sale,RU,66.83,70.83,1595525394,40,70,283.7,2.93
gbadolite,CD,4.28,21.02,1595525394,83,91,296.04,1.07
bambous virieux,MU,-20.34,57.76,1595525394,75,56,294.15,8.2
camalu,MX,30.85,-116.07,1595525395,36,56,292.59,0.45
hearst,CA,49.68,-83.67,1595525395,0,27,300.74,2.25
banda,IN,25.48,80.33,1595525395,13,39,308.11,1.6
bulata,PH,9.86,122.4,1595525395,100,77,301.0,1.35
shellbrook,CA,53.22,-106.4,1595525396,90,88,295.15,3.6
los llanos de aridane,ES,28.66,-17.92,1595525396,20,69,297.15,7.7
washougal,US,45.58,-122.35,1595525396,90,72,290.37,3.1
aklavik,CA,68.22,-135.01,1595525321,40,58,286.15,5.1
longyearbyen,SJ,78.22,15.64,1595525293,90,81,282.15,4.1
tiksi,RU,71.69,128.87,1595525396,87,81,287.73,3.53
avarua,CK,-21.21,-159.78,1595525397,2,100,296.15,2.1
jumla,NP,29.27,82.18,1595525397,22,70,288.47,0.86
weligama,LK,5.97,80.42,1595525397,98,86,299.17,2.19
mizdah,LY,31.45,12.98,1595525397,0,18,305.5,6.42
bonavista,CA,48.65,-53.11,1595525398,18,63,291.51,2.33
ribeira brava,PT,32.65,-17.07,1595525398,20,64,297.15,6.2
ponta delgada,PT,37.73,-25.67,1595525398,40,60,295.15,2.6
pereslavl-zalesskiy,RU,56.74,38.86,1595525398,23,85,286.56,2.7
morondava,MG,-20.28,44.28,1595525398,0,54,296.46,4.55
grindavik,IS,63.84,-22.43,1595525279,20,54,286.15,9.3
dikson,RU,73.51,80.55,1595525399,21,87,278.57,3.52
mazagao,BR,-0.12,-51.29,1595525399,75,63,306.15,3.6
bethel,US,41.37,-73.41,1595525181,1,69,302.04,5.1
airai,TL,-8.93,125.41,1595525299,85,71,284.79,1.14
mantua,IT,45.17,10.78,1595525395,7,62,303.71,0.45
agadir,MA,30.42,-9.6,1595525400,1,61,300.15,6.2
labytnangi,RU,66.66,66.42,1595525400,36,66,286.08,2.76
saskylakh,RU,71.92,114.08,1595525400,96,94,282.91,3.5
upernavik,GL,72.79,-56.15,1595525401,82,74,281.11,5.12
kurumkan,RU,54.3,110.3,1595525401,100,83,288.71,1.24
tayoltita,MX,24.08,-105.93,1595525401,72,50,302.45,2.31
great bend,US,38.36,-98.76,1595525401,1,74,305.37,6.2
dekar,BW,-21.53,21.93,1595525402,0,42,284.64,2.61
abong mbang,CM,3.98,13.18,1595525403,87,96,294.19,1.05
umm kaddadah,SD,13.6,26.69,1595525403,88,26,307.82,4.5
sawakin,SD,19.11,37.33,1595525403,0,53,306.28,5.38
manicore,BR,-5.81,-61.3,1595525403,73,70,303.15,1.0
elliot,ZA,-31.33,27.85,1595525404,0,40,282.37,1.41
cravo norte,CO,6.3,-70.2,1595525404,74,73,302.24,3.69
sola,VU,-13.88,167.55,1595525299,85,84,299.86,10.11
victoria,HK,22.29,114.16,1595525320,12,74,303.15,3.38
quelimane,MZ,-17.88,36.89,1595525404,59,86,291.74,2.54
vega de alatorre,MX,20.03,-96.63,1595525405,4,57,304.8,4.01
talcahuano,CL,-36.72,-73.12,1595525405,63,54,285.15,3.6
mount gambier,AU,-37.83,140.77,1595525390,71,80,277.15,4.6
salalah,OM,17.02,54.09,1595525405,40,88,300.15,3.1
hervey bay,AU,-25.3,152.85,1595525193,94,94,288.15,1.34
talnakh,RU,69.49,88.4,1595525406,87,75,281.15,12.0
nybro,SE,56.74,15.91,1595525406,65,52,292.59,4.1
nanortalik,GL,60.14,-45.24,1595525280,100,91,281.73,2.45
mahebourg,MU,-20.41,57.7,1595525406,75,56,294.15,8.2
ancud,CL,-41.87,-73.82,1595525406,0,65,280.15,3.6
panguna,PG,-6.32,155.48,1595525407,69,95,293.0,0.9
libenge,CD,3.65,18.63,1595525407,93,83,297.11,2.06
palmer,US,42.16,-72.33,1595525407,75,70,302.15,6.2
volksrust,ZA,-27.37,29.88,1595525407,0,55,278.82,1.54
komsomolskiy,UZ,40.43,71.72,1595525407,8,30,302.15,4.1
sembakung,ID,3.82,117.25,1595525408,83,98,295.91,0.78
buxton,GB,53.26,-1.91,1595525172,100,92,289.26,0.89
faya,SA,18.39,42.45,1595525408,20,83,296.15,2.6
ostrovnoy,RU,68.05,39.51,1595525408,38,76,291.89,4.5
henties bay,NA,-22.12,14.28,1595525408,0,64,293.15,1.34
san policarpo,PH,12.18,125.51,1595525408,88,76,301.54,2.07
orotukan,RU,62.27,151.7,1595525409,92,54,289.46,2.72
port hardy,CA,50.7,-127.42,1595525409,75,82,288.15,4.1
bantou,CN,26.22,117.49,1595525409,98,74,299.53,0.85
angoche,MZ,-16.23,39.91,1595525278,2,71,294.64,3.46
konevo,RU,62.12,39.32,1595525410,100,96,286.81,2.01
vila franca do campo,PT,37.72,-25.43,1595525410,40,60,295.15,2.6
akyab,MM,20.15,92.9,1595525410,100,83,300.62,3.9
new norfolk,AU,-42.78,147.06,1595525267,99,87,278.15,1.17
cabrobo,BR,-8.51,-39.31,1595525236,91,36,303.03,7.42
blama,SL,7.87,-11.34,1595525411,100,94,296.92,2.61
taoudenni,ML,22.68,-3.98,1595525315,18,9,319.56,3.99
dergachi,RU,51.23,48.77,1595525411,19,58,293.62,5.45
bairiki,KI,1.33,172.98,1595525411,40,78,301.15,5.1
pimenteiras,BR,-6.25,-41.42,1595525411,95,26,307.56,2.8
fort dix,US,40.03,-74.62,1595525238,75,74,304.26,3.1
magole,TZ,-6.37,37.37,1595525412,52,77,294.15,0.29
castro,BR,-24.79,-50.01,1595525412,20,46,296.41,2.88
calvinia,ZA,-31.47,19.78,1595525412,0,32,287.42,2.84
alexandria,EG,31.22,29.96,1595525322,40,69,301.15,6.2
haines junction,CA,60.75,-137.51,1595525413,100,78,285.11,1.41
vilhena,BR,-12.74,-60.15,1595525406,49,40,303.15,6.2
koping,SE,59.51,15.99,1595525413,67,37,293.71,4.1
babu,CN,24.42,111.52,1595525327,96,69,300.13,0.68
orangeburg,US,33.49,-80.86,1595525263,1,46,308.15,3.1
abay,KZ,49.63,72.85,1595525414,84,87,288.15,2.0
lakatoro,VU,-16.1,167.42,1595525414,79,82,296.77,3.86
khandyga,RU,62.67,135.6,1595525414,6,77,286.49,0.5
nanakuli,US,21.39,-158.15,1595525414,1,78,297.04,1.5
kyabe,TD,9.45,18.94,1595525414,100,90,295.68,1.35
sunrise manor,US,36.21,-115.07,1595525415,1,17,308.15,2.1
trincomalee,LK,8.57,81.23,1595525415,100,77,301.16,2.91
xai-xai,MZ,-25.05,33.64,1595525415,61,75,291.94,4.21
pevek,RU,69.7,170.31,1595525193,0,73,282.12,2.26
labuhan,ID,-6.88,112.21,1595525416,92,83,297.99,3.11
hithadhoo,MV,-0.6,73.08,1595525416,100,69,301.73,1.89
nouakchott,MR,18.09,-15.98,1595525416,90,70,302.15,6.7
faanui,PF,-16.48,-151.75,1595525288,6,78,298.57,7.38
suntar,RU,62.14,117.63,1595525416,32,85,287.33,0.89
caravelas,BR,-17.71,-39.25,1595525417,29,66,297.58,3.33
beisfjord,NO,68.38,17.6,1595525417,75,93,283.15,7.2
atbasar,KZ,51.8,68.33,1595525417,33,93,289.58,3.58
jinka,ET,5.65,36.65,1595525417,41,88,289.77,0.82
kilindoni,TZ,-7.91,39.67,1595525418,4,68,297.76,8.16
ayagoz,KZ,47.97,80.44,1595525418,0,38,291.79,3.12
atambua,ID,-9.11,124.89,1595525418,91,85,291.63,2.78
tocopilla,CL,-22.09,-70.2,1595525418,3,47,291.12,3.63
egvekinot,RU,66.32,-179.17,1595525418,63,63,286.29,1.79
chute-aux-outardes,CA,49.12,-68.4,1595525419,75,53,296.15,3.6
hinton,CA,53.4,-117.59,1595525419,100,79,286.02,2.24
currais novos,BR,-6.26,-36.52,1595525373,76,38,304.57,7.18
souillac,MU,-20.52,57.52,1595525308,75,56,294.15,8.2
dingle,PH,11.0,122.67,1595525419,90,85,298.18,1.46
parian dakula,PH,5.56,120.77,1595525419,100,73,301.92,3.73
mar del plata,AR,-38.0,-57.56,1595525420,90,100,286.48,3.1
san quintin,MX,30.48,-115.95,1595525420,47,63,293.97,5.63
mecca,SA,21.43,39.83,1595525387,7,62,303.69,3.57
mangrol,IN,21.12,70.12,1595525420,99,82,302.02,5.45
magistralnyy,RU,56.17,107.45,1595525420,33,73,286.07,1.07
pasighat,IN,28.07,95.33,1595525421,100,87,297.99,1.03
kavaratti,IN,10.57,72.64,1595525421,100,77,301.19,2.23
sao filipe,CV,14.9,-24.5,1595525421,74,85,299.17,2.59
miyako,JP,39.64,141.95,1595525421,97,91,292.04,1.54
arman,RU,59.7,150.17,1595525292,93,77,285.67,1.58
kaitangata,NZ,-46.28,169.85,1595525281,55,79,276.48,4.02
lagoa,PT,39.05,-27.98,1595525422,0,69,294.18,1.22
alto araguaia,BR,-17.31,-53.22,1595525422,0,21,303.54,2.2
norman wells,CA,65.28,-126.83,1595525422,75,82,287.15,2.1
jalu,LY,29.03,21.55,1595525422,0,31,303.59,9.54
savannah bight,HN,16.45,-85.85,1595525423,95,72,302.1,4.68
kaka,TM,37.35,59.61,1595525423,0,35,304.72,6.17
kondinskoye,RU,59.65,67.41,1595525423,0,69,287.02,3.13
mount isa,AU,-20.73,139.5,1595525423,0,58,285.15,5.17
katsuura,JP,35.13,140.3,1595525302,100,92,295.93,0.47
baltiysk,RU,54.65,19.91,1595525423,20,67,290.15,5.0
zyryanka,RU,65.75,150.85,1595525424,92,60,292.43,1.25
lasa,IT,46.62,10.7,1595525424,40,49,293.15,3.1
ust-nera,RU,64.57,143.2,1595525424,95,66,292.12,0.73
ternate,ID,0.8,127.4,1595525424,51,80,299.53,1.8
mildura,AU,-34.2,142.15,1595525425,11,86,277.04,3.1
shepetivka,UA,50.19,27.06,1595525425,86,84,287.63,1.69
sao joao da barra,BR,-21.64,-41.05,1595525425,20,45,301.15,6.2
tutoia,BR,-2.76,-42.27,1595525426,1,55,301.42,4.14
luderitz,NA,-26.65,15.16,1595525426,0,29,297.15,1.0
chebsara,RU,59.2,38.84,1595525426,40,67,289.15,3.0
kontagora,NG,10.4,5.47,1595525426,86,87,297.99,0.98
tampa,US,27.95,-82.46,1595525134,90,94,300.37,4.6
sinnai,IT,39.3,9.2,1595525427,5,38,308.15,4.1
kysyl-syr,RU,63.9,122.76,1595525313,76,73,290.7,2.64
lompoc,US,34.64,-120.46,1595525426,65,77,290.15,1.5
pundaguitan,PH,6.37,126.17,1595525427,88,74,301.43,2.86
livani,LV,56.35,26.18,1595525427,59,87,285.2,2.25
goure,NE,13.98,10.27,1595525427,50,45,304.67,5.21
dong xoai,VN,11.53,106.92,1595525428,100,94,295.62,1.2
batticaloa,LK,7.71,81.69,1595525428,100,82,299.87,5.94
mogadishu,SO,2.04,45.34,1595525428,45,74,298.03,9.63
mareeba,AU,-17.0,145.43,1595525428,75,82,292.15,4.1
ribeira grande,PT,38.52,-28.7,1595525429,20,69,296.15,3.1
prainha,BR,-1.8,-53.48,1595525429,6,46,306.17,2.22
sayyan,YE,15.17,44.32,1595525429,78,62,291.93,1.36
sharan,RU,54.82,54.0,1595525429,100,97,288.72,1.57
mizan teferi,ET,6.98,35.58,1595525430,86,90,288.68,0.98
north myrtle beach,US,33.82,-78.68,1595525430,1,66,307.04,4.6
isangel,VU,-19.55,169.27,1595525430,86,84,295.68,6.23
price,US,39.6,-110.81,1595525339,1,53,295.15,3.1
placido de castro,BR,-10.34,-67.19,1595525430,0,27,308.75,1.46
paranaiba,BR,-19.68,-51.19,1595525431,0,27,303.93,2.36
kailua,US,21.4,-157.74,1595525431,40,78,299.26,5.1
marrakesh,MA,31.63,-8.01,1595525431,20,17,313.15,3.6
northam,GB,51.03,-4.22,1595525146,100,95,290.37,4.02
kahului,US,20.89,-156.47,1595525431,20,69,297.59,4.51
tadine,NC,-21.55,167.88,1595525432,88,80,293.87,6.41
thunder bay,CA,48.4,-89.32,1595525152,20,50,298.15,2.6
samarai,PG,-10.62,150.67,1595525309,41,83,298.43,5.11
harbour breton,CA,47.48,-55.8,1595525432,100,78,289.75,4.29
vikulovo,RU,56.82,70.61,1595525432,0,79,284.78,3.0
goderich,CA,43.75,-81.72,1595525306,21,77,299.82,5.68
tonantins,BR,-2.87,-67.8,1595525433,87,82,300.71,0.71
nishihara,JP,26.18,127.76,1595525433,20,88,301.15,4.6
thinadhoo,MV,0.53,72.93,1595525433,100,72,301.72,3.26
batan,CR,10.08,-83.34,1595525433,75,74,302.15,4.1
kalianget,ID,-7.05,113.93,1595525433,61,74,299.41,5.13
show low,US,34.25,-110.03,1595525434,1,53,296.15,5.7
awbari,LY,26.59,12.78,1595525434,0,19,302.71,2.3
kasongo-lunda,CD,-6.47,16.82,1595525434,0,23,299.8,1.36
yulara,AU,-25.24,130.99,1595525434,0,60,279.15,1.5
beberibe,BR,-4.18,-38.13,1595525434,75,55,303.15,7.2
maarianhamina,AX,60.1,19.93,1595525435,72,58,288.15,2.6
lesosibirsk,RU,58.24,92.48,1595525435,1,84,281.56,1.85
san juan,AR,-31.54,-68.54,1595525435,96,58,279.58,3.82
port blair,IN,11.67,92.75,1595525435,76,74,301.2,2.31
tungor,RU,53.38,142.96,1595525436,7,97,278.53,0.2
kyshtovka,RU,56.55,76.63,1595525436,25,81,283.87,1.2
methoni,GR,36.82,21.7,1595525436,20,42,305.37,1.5
tuatapere,NZ,-46.13,167.68,1595525436,91,83,277.04,1.34
safranbolu,TR,41.25,32.69,1595525436,27,58,293.5,1.65
yagodnoye,RU,62.55,149.67,1595525436,98,64,287.8,0.65
hasaki,JP,35.73,140.83,1595525437,75,100,295.15,1.52
saldanha,ZA,-33.01,17.94,1595525437,0,44,297.15,1.0
geraldton,AU,-28.77,114.6,1595525437,0,93,280.15,2.1
deputatskiy,RU,69.3,139.9,1595525437,82,57,292.42,0.82
port shepstone,ZA,-30.74,30.45,1595525438,0,78,290.36,5.91
chokurdakh,RU,70.63,147.92,1595525438,46,69,291.18,2.66
hualmay,PE,-11.1,-77.61,1595525438,56,69,292.68,4.71
campo grande,BR,-20.44,-54.65,1595525438,0,25,304.15,4.6
bara,NG,10.37,10.73,1595525438,95,74,299.89,4.19
laukaa,RU,58.74,29.85,1595525438,71,87,285.43,2.29
katherine,AU,-14.47,132.27,1595525439,0,48,289.15,2.1
khash,IR,28.22,61.22,1595525439,0,19,297.52,1.53
the valley,AI,18.22,-63.06,1595525436,40,70,302.15,6.7
byadgi,IN,14.68,75.48,1595525439,100,91,296.18,1.63
kudahuvadhoo,MV,2.67,72.89,1595525439,100,77,301.28,4.25
santa rosa,PH,14.31,121.11,1595525439,85,74,304.26,5.7
general roca,AR,-39.03,-67.58,1595525440,75,75,278.15,2.1
ahipara,NZ,-35.17,173.17,1595525440,69,75,286.16,5.16
kabalo,CD,-6.05,26.92,1595525440,6,30,299.8,1.62
matara,LK,5.95,80.54,1595525440,98,86,299.02,2.77
virginia beach,US,36.85,-75.98,1595525397,75,52,308.15,4.6
waw,SS,7.7,28.0,1595525441,91,92,295.37,1.91
astana,KZ,51.18,71.45,1595525441,75,77,292.15,5.0
rio gallegos,AR,-51.62,-69.22,1595525441,87,74,274.15,5.7
habiganj,BD,24.38,91.42,1595525441,100,95,298.7,2.95
chon buri,TH,13.36,100.98,1595525442,87,70,304.82,3.27
beloha,MG,-25.17,45.05,1595525442,14,68,289.17,6.2
strelka,RU,58.07,93.03,1595525442,11,78,281.98,1.74
fort morgan,US,40.25,-103.8,1595525442,1,18,306.15,3.1
skala,PL,50.23,19.85,1595525443,77,43,295.15,1.5
mahibadhoo,MV,3.78,72.97,1595525443,100,75,301.66,5.94
sangar,RU,63.92,127.47,1595525277,0,66,290.14,3.96
sergiyev posad,RU,56.3,38.13,1595525443,9,51,289.15,5.0
kosovska mitrovica,XK,42.88,20.87,1595525443,75,64,295.15,6.2
nouadhibou,MR,20.93,-17.03,1595525275,0,78,296.15,10.3
narsaq,GL,60.92,-46.05,1595525444,75,75,291.15,8.7
flinders,AU,-34.58,150.86,1595525444,87,86,283.71,0.89
san patricio,MX,19.22,-104.7,1595525444,75,75,305.15,4.1
vila,PT,42.03,-8.16,1595525445,0,54,303.71,4.6
pau brasil,BR,-15.46,-39.65,1595525445,47,70,297.91,2.15
mountain home,US,43.13,-115.69,1595525400,1,36,300.15,2.1
clyde river,CA,70.47,-68.59,1595525445,75,61,283.15,3.1
malartic,CA,48.13,-78.13,1595525445,75,56,297.04,2.6
port elizabeth,ZA,-33.92,25.57,1595525285,0,87,287.15,1.5
half moon bay,US,37.46,-122.43,1595525249,40,72,292.15,1.5
namibe,AO,-15.2,12.15,1595525277,0,62,295.44,2.47
khor,RU,47.89,134.95,1595525446,92,96,290.11,4.14
pudozh,RU,61.81,36.53,1595525446,91,77,288.2,1.43
calbuco,CL,-41.77,-73.13,1595525447,0,63,282.15,2.1
tignere,CM,7.37,12.65,1595525447,99,98,292.27,0.94
boromo,BF,11.75,-2.93,1595525447,66,65,302.34,3.75
solnechnyy,RU,50.72,136.63,1595525447,79,92,287.18,2.43
khandbari,NP,27.37,87.2,1595525447,99,76,296.6,1.01
aksarka,RU,66.56,67.8,1595525337,51,67,284.98,3.08
kruisfontein,ZA,-34.0,24.73,1595525309,0,72,286.7,1.2
sochi,RU,43.6,39.73,1595525448,0,61,299.15,4.0
algeciras,ES,36.13,-5.45,1595525448,5,78,300.15,3.6
matamoros,MX,25.53,-103.25,1595525448,75,57,300.93,1.52
road town,VG,18.42,-64.62,1595525449,40,62,305.15,6.2
olinda,BR,-8.01,-34.86,1595525200,40,62,302.15,6.7
thohoyandou,ZA,-22.95,30.48,1595525449,28,72,283.5,1.22
tashtagol,RU,52.77,87.89,1595525449,3,90,285.53,1.32
erdenet,MN,49.03,104.08,1595525450,100,92,285.63,1.45
sakakah,SA,29.97,40.21,1595525387,20,8,313.15,3.1
lagoa santa,BR,-19.63,-43.89,1595525450,20,38,298.15,2.1
logan lake,CA,50.5,-120.8,1595525450,75,64,293.15,3.6
roma,US,43.21,-75.46,1595525309,75,78,299.15,2.1
shiyan,CN,32.65,110.78,1595525451,100,87,294.82,4.92
minsk,BY,53.9,27.57,1595525451,75,67,287.15,7.0
el carmen,CO,8.51,-73.45,1595525451,99,58,301.65,1.2
amga,RU,60.9,131.96,1595525451,0,89,286.41,1.08
ballaghaderreen,IE,53.9,-8.58,1595525451,99,65,289.82,3.13
atasu,KZ,48.68,71.64,1595525452,85,44,297.27,3.32
tual,ID,-5.67,132.75,1595525452,24,81,299.28,8.3
suez,EG,29.97,32.53,1595525452,0,56,302.23,8.06
krasnoselkup,RU,65.7,82.47,1595525452,88,63,285.96,6.66
saint george,US,37.1,-113.58,1595525187,1,24,307.04,3.6
manali,IN,13.17,80.27,1595525453,40,79,303.15,3.1
masvingo,ZW,-20.06,30.83,1595525453,1,74,283.75,4.63
batagay,RU,67.63,134.63,1595525322,59,56,291.04,1.29
wasilla,US,61.58,-149.44,1595525453,1,87,287.59,2.6
opole,PL,50.5,18.0,1595525313,45,60,293.71,0.45
moss vale,AU,-34.55,150.38,1595525454,40,100,282.59,0.69
pringsewu,ID,-5.36,104.97,1595525454,100,93,295.85,0.13
bontang,ID,0.13,117.5,1595525454,81,87,297.57,3.02
kondagaon,IN,19.6,81.67,1595525455,97,97,294.29,1.76
sorland,NO,67.67,12.69,1595525455,75,87,284.15,11.3
khani,GE,41.96,42.96,1595525344,75,78,298.15,2.6
kununurra,AU,-15.77,128.73,1595525455,0,37,286.15,4.44
vanimo,PG,-2.67,141.3,1595525455,40,85,298.6,2.46
sovetskoye,RU,52.29,85.41,1595525455,40,84,287.55,0.26
mariental,NA,-24.63,17.97,1595525456,0,30,287.41,3.78
tura,IN,25.52,90.22,1595525456,100,97,297.14,2.46
lata,PT,40.16,-8.33,1595525299,0,52,300.93,4.47
zholymbet,KZ,51.74,71.71,1595525456,100,68,292.64,3.63
hofn,IS,64.25,-15.21,1595525457,75,66,286.15,3.6
suslovo,RU,56.22,88.12,1595525457,0,91,281.41,1.34
ilo,PE,-17.64,-71.34,1595525457,90,82,291.15,3.1
klaksvik,FO,62.23,-6.59,1595525457,33,81,285.15,3.6
shirvan,AZ,39.95,48.9,1595525457,47,53,299.73,3.77
new port richey,US,28.24,-82.72,1595525389,96,70,302.59,5.92
hamilton,US,39.18,-84.53,1595525424,40,78,302.04,2.6
shaunavon,CA,49.65,-108.42,1595525458,97,40,300.55,2.8
kintampo,GH,8.06,-1.73,1595525458,95,83,298.45,1.85
kanchanaburi,TH,14.63,99.1,1595525458,87,85,298.3,1.5
tecoanapa,MX,16.52,-98.75,1595525459,43,63,303.38,3.89
wanning,CN,18.8,110.4,1595525459,99,80,300.66,3.25
chapais,CA,49.78,-74.85,1595525277,75,46,296.15,2.1
birjand,IR,32.87,59.22,1595525459,0,12,302.15,3.1
zapolyarnyy,RU,69.42,30.81,1595525460,40,87,287.15,7.7
zhezkazgan,KZ,47.8,67.71,1595525460,65,27,299.51,3.06
bandarbeyla,SO,9.49,50.81,1595525303,78,77,298.13,13.66
kosa,RU,59.94,55.0,1595525460,97,77,290.12,2.83
byron bay,AU,-28.65,153.62,1595525381,90,100,287.15,3.1
tambacounda,SN,13.75,-13.76,1595525461,40,59,306.15,2.1
staryy nadym,RU,65.61,72.68,1595525461,6,76,282.01,4.95
cervo,ES,43.67,-7.41,1595525461,55,73,295.93,2.41
iralaya,HN,15.0,-83.23,1595525461,75,79,303.15,3.6
port augusta,AU,-32.5,137.77,1595525462,19,75,276.48,3.6
nantucket,US,41.28,-70.1,1595525462,20,78,299.15,7.2
belyy yar,RU,53.6,91.39,1595525462,26,87,288.15,2.0
broken hill,AU,-31.95,141.43,1595525462,1,81,279.15,3.6
guadalupe y calvo,MX,26.1,-106.97,1595525463,26,74,293.38,1.82
coihaique,CL,-45.58,-72.07,1595525463,90,79,269.15,1.5
mayo,US,38.89,-76.51,1595525463,1,62,305.93,2.6
oneida,US,43.2,-75.47,1595525463,75,78,299.26,2.1
morganton,US,35.75,-81.68,1595525391,39,63,306.48,1.34
silifke,TR,36.38,33.93,1595525464,0,37,304.16,2.99
parana,AR,-31.73,-60.52,1595525464,100,93,282.04,1.79
guerrero negro,MX,27.98,-114.06,1595525283,91,66,294.4,5.24
thap khlo,TH,16.16,100.6,1595525464,78,75,300.66,0.99
ormara,PK,25.21,64.64,1595525465,0,83,302.15,8.17
martinsville,US,36.69,-79.87,1595525465,40,66,305.93,1.85
raigarh,IN,21.9,83.4,1595525465,100,86,299.44,3.43
san vicente,AR,-26.62,-54.13,1595525465,67,39,299.22,2.96
andros town,BS,24.7,-77.77,1595525465,75,66,304.15,7.2
sambava,MG,-14.27,50.17,1595525466,90,70,295.25,10.18
rurrenabaque,BO,-14.44,-67.53,1595525466,70,56,302.32,1.33
isiolo,KE,0.35,37.58,1595525466,89,62,295.37,3.37
kirakira,SB,-10.45,161.92,1595525466,100,83,299.48,5.01
pedernales,DO,18.04,-71.74,1595525467,40,59,306.15,6.7
cabedelo,BR,-6.98,-34.83,1595525467,75,78,300.15,6.7
stokmarknes,NO,68.56,14.91,1595525467,75,93,284.15,3.1
cap malheureux,MU,-19.98,57.61,1595525468,53,51,293.15,4.47
codrington,AU,-38.27,141.97,1595525468,91,88,276.83,3.62
arys,KZ,42.43,68.8,1595525468,75,31,304.15,5.0
koster,ZA,-25.86,26.9,1595525468,0,48,280.96,0.99
pochutla,MX,15.74,-96.47,1595525469,90,70,303.71,2.44
winsford,GB,53.18,-2.52,1595525469,100,93,290.93,1.79
lupiro,TZ,-8.38,36.67,1595525469,24,50,294.47,2.03
bubaque,GW,11.28,-15.83,1595525469,100,83,300.37,6.34
ati,TD,13.22,18.34,1595525469,94,48,304.0,6.1
te anau,NZ,-45.42,167.72,1595525470,48,88,274.54,1.89
matiri,TZ,-10.75,34.9,1595525470,10,62,285.3,1.13
gombong,ID,-7.61,109.51,1595525470,100,86,296.33,1.46
cockburn town,TC,21.46,-71.14,1595525439,40,66,303.15,6.2
darab,IR,28.75,54.54,1595525470,8,41,302.73,3.56
pandamatenga,BW,-18.53,25.63,1595525471,6,50,285.83,1.07
kalabo,ZM,-14.97,22.68,1595525471,5,30,290.11,2.34
baishishan,CN,43.58,127.57,1595525471,100,76,291.32,1.87
meulaboh,ID,4.14,96.13,1595525471,100,91,297.17,1.9
wallacetown,NZ,-46.33,168.27,1595525472,91,83,277.04,1.34
damme,DE,52.52,8.2,1595525472,32,49,295.93,1.34
troitskoye,RU,52.98,84.68,1595525472,45,77,289.04,1.6
tobermory,CA,45.25,-81.67,1595525472,19,59,296.48,0.89
hovd,MN,48.01,91.64,1595525271,67,55,292.76,0.82
am timan,TD,11.03,20.28,1595525473,99,80,297.43,0.92
andros,GR,37.83,24.93,1595525473,0,44,300.93,5.36
kharan,PK,28.58,65.42,1595525473,1,21,306.09,3.35
dunedin,NZ,-45.87,170.5,1595525473,36,71,278.71,2.68
tabalosos,PE,-6.35,-76.68,1595525474,40,59,305.15,2.6
ust-maya,RU,60.42,134.53,1595525474,0,84,285.93,1.3
grand gaube,MU,-20.01,57.66,1595525474,57,51,293.15,4.47
havre-saint-pierre,CA,50.23,-63.6,1595525474,1,64,294.15,3.6
sao borja,BR,-28.66,-56.0,1595525443,85,61,299.63,4.24
demidov,RU,55.27,31.52,1595525475,16,87,284.99,2.23
svetlyy,RU,54.67,20.13,1595525475,20,67,290.15,5.0
maceio,BR,-9.67,-35.74,1595525475,75,65,300.15,5.1
surt,LY,31.21,16.59,1595525475,0,72,298.95,5.25
kenai,US,60.55,-151.26,1595525475,1,71,289.26,4.6
coahuayana,MX,18.73,-103.68,1595525476,75,78,299.15,2.81
kathmandu,NP,27.72,85.32,1595525406,75,100,294.15,2.1
north las vegas,US,36.2,-115.12,1595525476,1,17,308.15,4.6
nata,PA,8.33,-80.52,1595525476,40,69,301.15,1.5
alanya,TR,36.54,32.0,1595525477,0,62,302.15,2.6
jimenez,MX,28.33,-105.4,1595525477,40,51,300.15,2.6
praia da vitoria,PT,38.73,-27.07,1595525477,20,61,298.15,2.45
balaipungut,ID,1.05,101.28,1595525477,20,94,297.15,0.27
wakkanai,JP,45.41,141.67,1595525477,97,92,288.16,9.08
bathsheba,BB,13.22,-59.52,1595525477,40,55,305.15,8.2
bodri,IN,23.17,81.43,1595525478,97,73,299.99,2.17
zhigalovo,RU,54.81,105.16,1595525478,1,82,285.35,0.4
acurenam,GQ,1.03,10.65,1595525478,96,86,294.61,1.77
kaili,ID,-3.46,120.21,1595525478,60,91,292.51,0.87
pangkalanbuun,ID,-2.68,111.62,1595525478,100,97,296.49,0.99
zaraza,VE,9.35,-65.32,1595525479,46,67,303.56,1.38
fonte boa,BR,-2.5,-66.27,1595525479,64,71,304.14,0.51
riachao das neves,BR,-11.75,-44.91,1595525479,10,26,305.18,2.72
marzuq,YE,14.4,46.47,1595525479,0,54,300.45,2.98
zhangye,CN,38.93,100.45,1595525479,97,50,295.22,0.35
hurricane,US,37.18,-113.29,1595525480,1,24,307.04,3.6
kolokani,ML,13.57,-8.03,1595525480,46,68,302.37,3.92
ilovka,RU,50.71,38.64,1595525480,26,76,288.27,2.44
lewiston,US,44.1,-70.21,1595525344,90,88,299.26,1.5
saint-francois,FR,46.42,3.91,1595525351,93,25,302.15,4.1
leninogorsk,RU,54.6,52.46,1595525481,99,95,288.02,1.26
port macquarie,AU,-31.43,152.92,1595525190,40,93,281.15,0.99
obera,AR,-27.49,-55.12,1595525290,69,43,300.19,3.48
taltal,CL,-25.4,-70.48,1595525481,0,50,287.98,3.01
zilupe,LV,56.39,28.12,1595525481,96,90,285.06,2.52
shatalovo,RU,54.33,32.45,1595525482,9,87,285.26,2.89
luocheng,CN,29.38,104.03,1595525482,97,98,297.21,1.41
rafaela,AR,-31.25,-61.49,1595525482,100,72,280.93,2.24
shalya,RU,57.25,58.73,1595525482,100,63,288.56,4.31
jiexiu,CN,37.02,111.91,1595525389,66,52,295.04,1.41
todos santos,MX,23.45,-110.22,1595525482,35,76,298.71,3.13
samana,DO,19.21,-69.34,1595525483,40,88,301.15,4.1
souris,CA,49.62,-100.26,1595525483,90,83,296.48,4.1
aromashevo,RU,56.86,68.64,1595525483,0,74,285.22,3.51
mani,CO,4.82,-72.29,1595525483,85,65,303.41,2.71
dumbea,NC,-22.15,166.45,1595525483,21,77,291.15,1.0
awjilah,LY,29.11,21.29,1595525483,0,34,302.8,10.04
moron,AR,-34.65,-58.62,1595525484,100,98,285.93,0.45
barstow,US,34.9,-117.02,1595525331,1,10,304.15,3.6
arkhangelsk,RU,64.54,40.54,1595525484,75,82,293.15,1.0
nizhniy tsasuchey,RU,50.52,115.13,1595525484,91,83,292.56,0.74
pontes e lacerda,BR,-15.23,-59.34,1595525484,43,16,310.2,2.23
jinchang,CN,38.5,102.17,1595525485,93,61,293.11,2.97
namatanai,PG,-3.67,152.43,1595525320,45,82,299.57,2.84
bergama,TR,39.12,27.18,1595525485,0,65,304.15,3.1
leningradskiy,RU,69.38,178.42,1595525485,96,72,280.71,6.19
sitka,US,57.05,-135.33,1595525291,90,93,285.15,1.5
sergeyevka,KZ,53.88,67.42,1595525486,98,88,290.17,6.2
lamu,KE,-2.27,40.9,1595525486,46,73,297.68,10.15
pemberton,CA,50.32,-122.8,1595525424,20,68,291.15,2.6
